id,winner_model_a,winner_model_b,winner_tie
tensor(136060),0.1190353,0.3829031,0.49806163
tensor(211333),0.2382046,0.17184988,0.58994555
tensor(1233961),0.16963354,0.38793674,0.44242975
